SAVAGE [미니 1집] [SYNK DIVE VER],AESPA(에스파),19%,16,300
ODDINARY [MINI ALBUM] [SCANNING/ MASK OFF VER] [일반반],STRAY KIDS(스트레이 키즈),19%,16,300
2021 WINTER SMTOWN: SMCU EXPRESS [RED VELVET],RED VELVET(레드벨벳),19%,13,400
2021 WINTER SMTOWN: SMCU EXPRESS [NCT - DAYTIME PASS],NCT(엔시티),19%,13,400
2021 WINTER SMTOWN: SMCU EXPRESS [NCT - NIGHTTIME PASS],NCT(엔시티),19%,13,400
2021 WINTER SMTOWN: SMCU EXPRESS [SMTOWN VER],VARIOUS,19%,31,200
2021 WINTER SMTOWN: SMCU EXPRESS [AESPA],AESPA(에스파),19%,13,400
YOUNG-LUV.COM [미니 2집] [2종 중 랜덤 1종],STAYC(스테이씨),20%,19,300
AN ODE [정규 3집],SEVENTEEN(세븐틴),19%,17,100
SMILEY [미니 1집],YENA(최예나),19%,16,300
GLITCH MODE [정규 2집] [PHOTOBOOK VER],NCT DREAM(엔시티 드림),19%,17,800
HELLO FUTURE [정규 1집] [리패키지] [PHOTO BOOK VER],NCT DREAM(엔시티 드림),19%,17,800
혼돈의 장: FIGHT OR ESCAPE [TOGETHER VER],TXT(투모로우바이투게더),19%,11,000
YOUNG-LUV.COM [미니 2집] [JEWEL CASE VER] [6종 중 랜덤 1종],STAYC(스테이씨),18%,11,900
헹가래(HENG:GARAE) [미니 7집],SEVENTEEN(세븐틴),17%,14,900
혼돈의 장: FIGHT OR ESCAPE,TXT(투모로우바이투게더),19%,17,800
SAVAGE [미니 1집] [HALLUCINATION QUEST VER],AESPA(에스파),19%,17,800
REAL LOVE [정규 2집] [2종 세트],OH MY GIRL(오마이걸),20%,38,600
ATTACCA [미니 9집] [CARAT VER],SEVENTEEN(세븐틴),19%,8,900
FATAL LOVE [정규 3집],MONSTA X(몬스타엑스),20%,19,300
콸콸콸 [싱글 3집],미니마니,18%,11,900
GREY SUIT [미니 2집] [PHOTOBOOK VER],SUHO(수호),19%,16,300
GLITCH MODE [정규 2집] [DIGIPACK VER],NCT DREAM(엔시티 드림),19%,11,000
MEMEM [미니 3집] [M VER],PURPLE KISS(퍼플키스),19%,17,800
MEMEM [미니 3집] [2종 세트],PURPLE KISS(퍼플키스),19%,35,600
MEMEM [미니 3집] [MEME VER],PURPLE KISS(퍼플키스),19%,17,800
mis [EP] [한정반],JAEMAN(재만),19%,13,400
鳩集 C.J 2002 [정규 9집] [140G 화이트 컬러 LP],IM CHANGJUNG(임창정),19%,44,600
8집 THE SHIN SEUNG HUN [180G CLEAR LP],SHIN SEUNGHUN(신승훈),20%,46,000
4집 INVITATION [180G CLEAR RED LP],UHM JUNG HWA(엄정화),19%,25,000
같은자리 [정규 1집],LEE SEOKHOON(이석훈),19%,31,000
END THEORY FINAL EDITION [정규 6집] [리패키지],YOUNHA(윤하),19%,20,000
RAD,RAD MUSEUM(라드뮤지엄),17%,27,000
DIMENSION [미니 3집] [키트],김준수,20%,18,000
건강하세모 [EP],임세모,20%,24,000
DAYDREAM [정규 1집] [BEFORE THE DREAM VER],HIGHLIGHT(하이라이트),20%,24,000
DAYDREAM [정규 1집] [AFTER THE DREAM VER],HIGHLIGHT(하이라이트),20%,24,000
DAYDREAM [정규 1집] [IN THE DREAM VER],HIGHLIGHT(하이라이트),17%,72,000
DAYDREAM [정규 1집] [3종 세트],HIGHLIGHT(하이라이트),20%,18,000
THANK YOU [미니 6집],BRAVE GIRLS(브레이브걸스),20%,24,000
REAL LOVE [정규 2집] [FLORAL VER],OH MY GIRL(오마이걸),20%,24,000
REAL LOVE [정규 2집] [FRUITY VER],OH MY GIRL(오마이걸),19%,48,000
REAL LOVE [정규 2집] [2종 세트],OH MY GIRL(오마이걸),19%,22,000
COME AWAY WITH ME,박수진,19%,16,500
LILY, LILY [EP],권여름,19%,16,500
사계(SEASONS) [EP],건우,19%,17,500
시샘달 PART.1 [정규 1집],SWAN(수안),19%,22,000
사람 마음,김민성,20%,12,500
ABOUT [EP],ACHII(에이치),20%,24,000
THE REVE FESTIVAL 2022: FEEL MY RHYTHM [ORGEL VER] [미니 CD],RED VELVET(레드벨벳),19%,24,000
SAVAGE [미니 1집] [SYNK DIVE VER],AESPA(에스파),19%,16,300
ODDINARY [MINI ALBUM] [SCANNING/ MASK OFF VER] [일반반],STRAY KIDS(스트레이 키즈),19%,16,300
2021 WINTER SMTOWN: SMCU EXPRESS [RED VELVET],RED VELVET(레드벨벳),19%,13,400
2021 WINTER SMTOWN: SMCU EXPRESS [NCT - DAYTIME PASS],NCT(엔시티),19%,13,400
2021 WINTER SMTOWN: SMCU EXPRESS [NCT - NIGHTTIME PASS],NCT(엔시티),19%,13,400
2021 WINTER SMTOWN: SMCU EXPRESS [SMTOWN VER],VARIOUS,19%,31,200
2021 WINTER SMTOWN: SMCU EXPRESS [AESPA],AESPA(에스파),19%,13,400
YOUNG-LUV.COM [미니 2집] [2종 중 랜덤 1종],STAYC(스테이씨),20%,19,300
AN ODE [정규 3집],SEVENTEEN(세븐틴),19%,17,100
SMILEY [미니 1집],YENA(최예나),19%,16,300
GLITCH MODE [정규 2집] [PHOTOBOOK VER],NCT DREAM(엔시티 드림),19%,17,800
HELLO FUTURE [정규 1집] [리패키지] [PHOTO BOOK VER],NCT DREAM(엔시티 드림),19%,17,800
혼돈의 장: FIGHT OR ESCAPE [TOGETHER VER],TXT(투모로우바이투게더),19%,11,000
YOUNG-LUV.COM [미니 2집] [JEWEL CASE VER] [6종 중 랜덤 1종],STAYC(스테이씨),18%,11,900
헹가래(HENG:GARAE) [미니 7집],SEVENTEEN(세븐틴),17%,14,900
혼돈의 장: FIGHT OR ESCAPE,TXT(투모로우바이투게더),19%,17,800
SAVAGE [미니 1집] [HALLUCINATION QUEST VER],AESPA(에스파),19%,17,800
REAL LOVE [정규 2집] [2종 세트],OH MY GIRL(오마이걸),20%,38,600
ATTACCA [미니 9집] [CARAT VER],SEVENTEEN(세븐틴),19%,8,900
FATAL LOVE [정규 3집],MONSTA X(몬스타엑스),20%,19,300
콸콸콸 [싱글 3집],미니마니,18%,11,900
GREY SUIT [미니 2집] [PHOTOBOOK VER],SUHO(수호),19%,16,300
GLITCH MODE [정규 2집] [DIGIPACK VER],NCT DREAM(엔시티 드림),19%,11,000
MEMEM [미니 3집] [M VER],PURPLE KISS(퍼플키스),19%,17,800
MEMEM [미니 3집] [2종 세트],PURPLE KISS(퍼플키스),19%,35,600
MEMEM [미니 3집] [MEME VER],PURPLE KISS(퍼플키스),19%,17,800
mis [EP] [한정반],JAEMAN(재만),19%,13,400
鳩集 C.J 2002 [정규 9집] [140G 화이트 컬러 LP],IM CHANGJUNG(임창정),19%,44,600
8집 THE SHIN SEUNG HUN [180G CLEAR LP],SHIN SEUNGHUN(신승훈),20%,46,000
4집 INVITATION [180G CLEAR RED LP],UHM JUNG HWA(엄정화),19%,25,000
같은자리 [정규 1집],LEE SEOKHOON(이석훈),19%,31,000
END THEORY FINAL EDITION [정규 6집] [리패키지],YOUNHA(윤하),19%,20,000
RAD,RAD MUSEUM(라드뮤지엄),17%,27,000
DIMENSION [미니 3집] [키트],김준수,20%,18,000
건강하세모 [EP],임세모,20%,24,000
DAYDREAM [정규 1집] [BEFORE THE DREAM VER],HIGHLIGHT(하이라이트),20%,24,000
DAYDREAM [정규 1집] [AFTER THE DREAM VER],HIGHLIGHT(하이라이트),20%,24,000
DAYDREAM [정규 1집] [IN THE DREAM VER],HIGHLIGHT(하이라이트),17%,72,000
DAYDREAM [정규 1집] [3종 세트],HIGHLIGHT(하이라이트),20%,18,000
THANK YOU [미니 6집],BRAVE GIRLS(브레이브걸스),20%,24,000
REAL LOVE [정규 2집] [FLORAL VER],OH MY GIRL(오마이걸),20%,24,000
REAL LOVE [정규 2집] [FRUITY VER],OH MY GIRL(오마이걸),19%,48,000
REAL LOVE [정규 2집] [2종 세트],OH MY GIRL(오마이걸),19%,22,000
COME AWAY WITH ME,박수진,19%,16,500
LILY, LILY [EP],권여름,19%,16,500
사계(SEASONS) [EP],건우,19%,17,500
시샘달 PART.1 [정규 1집],SWAN(수안),19%,22,000
사람 마음,김민성,20%,12,500
ABOUT [EP],ACHII(에이치),20%,24,000
THE REVE FESTIVAL 2022: FEEL MY RHYTHM [ORGEL VER] [미니 CD],RED VELVET(레드벨벳),19%,24,000
